WM_NULL,0x0,0
WM_CREATE,0x1,1
WM_DESTROY,0x2,2
WM_MOVE,0x3,3
WM_SIZE,0x5,5
WM_ACTIVATE,0x6,6
WM_SETFOCUS,0x7,7
WM_KILLFOCUS,0x8,8
WM_ENABLE,0xA,10
WM_SETREDRAW,0xB,11
WM_SETTEXT,0xC,12
WM_GETTEXT,0xD,13
WM_GETTEXTLENGTH,0xE,14
WM_PAINT,0xF,15
WM_CLOSE,0x10,16
WM_QUERYENDSESSION,0x11,17
WM_QUIT,0x12,18
WM_QUERYOPEN,0x13,19
WM_ERASEBKGND,0x14,20
WM_SYSCOLORCHANGE,0x15,21
WM_ENDSESSION,0x16,22
WM_SHOWWINDOW,0x18,24
WM_SETTINGCHANGE,0x1A,26
WM_DEVMODECHANGE,0x1B,27
WM_ACTIVATEAPP,0x1C,28
WM_FONTCHANGE,0x1D,29
WM_TIMECHANGE,0x1E,30
WM_CANCELMODE,0x1F,31
WM_SETCURSOR,0x20,32
WM_MOUSEACTIVATE,0x21,33
WM_CHILDACTIVATE,0x22,34
WM_QUEUESYNC,0x23,35
WM_GETMINMAXINFO,0x24,36
WM_PAINTICON,0x26,38
WM_ICONERASEBKGND,0x27,39
WM_NEXTDLGCTL,0x28,40
WM_SPOOLERSTATUS,0x2A,42
WM_DRAWITEM,0x2B,43
WM_MEASUREITEM,0x2C,44
WM_DELETEITEM,0x2D,45
WM_VKEYTOITEM,0x2E,46
WM_CHARTOITEM,0x2F,47
WM_SETFONT,0x30,48
WM_GETFONT,0x31,49
WM_SETHOTKEY,0x32,50
WM_GETHOTKEY,0x33,51
WM_QUERYDRAGICON,0x37,55
WM_COMPAREITEM,0x39,57
WM_GETOBJECT,0x3D,61
WM_COMPACTING,0x41,65
WM_WINDOWPOSCHANGING,0x46,70
WM_WINDOWPOSCHANGED,0x47,71
WM_POWER,0x48,72
WM_COPYDATA,0x4A,74
WM_CANCELJOURNAL,0x4B,75
WM_NOTIFY,0x4E,78
WM_INPUTLANGCHANGEREQUEST,0x50,80
WM_INPUTLANGCHANGE,0x51,81
WM_TCARD,0x52,82
WM_HELP,0x53,83
WM_USERCHANGED,0x54,84
WM_NOTIFYFORMAT,0x55,85
WM_CONTEXTMENU,0x7B,123
WM_STYLECHANGING,0x7C,124
WM_STYLECHANGED,0x7D,125
WM_DISPLAYCHANGE,0x7E,126
WM_GETICON,0x7F,127
WM_SETICON,0x80,128
WM_NCCREATE,0x81,129
WM_NCDESTROY,0x82,130
WM_NCCALCSIZE,0x83,131
WM_NCHITTEST,0x84,132
WM_NCPAINT,0x85,133
WM_NCACTIVATE,0x86,134
WM_GETDLGCODE,0x87,135
WM_SYNCPAINT,0x88,136
WM_NCMOUSEMOVE,0xA0,160
WM_NCLBUTTONDOWN,0xA1,161
WM_NCLBUTTONUP,0xA2,162
WM_NCLBUTTONDBLCLK,0xA3,163
WM_NCRBUTTONDOWN,0xA4,164
WM_NCRBUTTONUP,0xA5,165
WM_NCRBUTTONDBLCLK,0xA6,166
WM_NCMBUTTONDOWN,0xA7,167
WM_NCMBUTTONUP,0xA8,168
WM_NCMBUTTONDBLCLK,0xA9,169
WM_NCXBUTTONDOWN,0xAB,171
WM_NCXBUTTONUP,0xAC,172
WM_NCXBUTTONDBLCLK,0xAD,173
WM_INPUT_DEVICE_CHANGE,0xFE,254
WM_INPUT,0xFF,255
WM_KEYDOWN,0x100,256
WM_KEYUP,0x101,257
WM_CHAR,0x102,258
WM_DEADCHAR,0x103,259
WM_SYSKEYDOWN,0x104,260
WM_SYSKEYUP,0x105,261
WM_SYSCHAR,0x106,262
WM_SYSDEADCHAR,0x107,263
WM_UNICHAR,0x109,265
WM_IME_STARTCOMPOSITION,0x10D,269
WM_IME_ENDCOMPOSITION,0x10E,270
WM_IME_COMPOSITION,0x10F,271
WM_INITDIALOG,0x110,272
WM_COMMAND,0x111,273
WM_SYSCOMMAND,0x112,274
WM_TIMER,0x113,275
WM_HSCROLL,0x114,276
WM_VSCROLL,0x115,277
WM_INITMENU,0x116,278
WM_INITMENUPOPUP,0x117,279
WM_GESTURE,0x119,281
WM_GESTURENOTIFY,0x11A,282
WM_MENUSELECT,0x11F,287
WM_MENUCHAR,0x120,288
WM_ENTERIDLE,0x121,289
WM_MENURBUTTONUP,0x122,290
WM_MENUDRAG,0x123,291
WM_MENUGETOBJECT,0x124,292
WM_UNINITMENUPOPUP,0x125,293
WM_MENUCOMMAND,0x126,294
WM_CHANGEUISTATE,0x127,295
WM_UPDATEUISTATE,0x128,296
WM_QUERYUISTATE,0x129,297
WM_CTLCOLORMSGBOX,0x132,306
WM_CTLCOLOREDIT,0x133,307
WM_CTLCOLORLISTBOX,0x134,308
WM_CTLCOLORBTN,0x135,309
WM_CTLCOLORDLG,0x136,310
WM_CTLCOLORSCROLLBAR,0x137,311
WM_CTLCOLORSTATIC,0x138,312
WM_MOUSEMOVE,0x200,512
WM_LBUTTONDOWN,0x201,513
WM_LBUTTONUP,0x202,514
WM_LBUTTONDBLCLK,0x203,515
WM_RBUTTONDOWN,0x204,516
WM_RBUTTONUP,0x205,517
WM_RBUTTONDBLCLK,0x206,518
WM_MBUTTONDOWN,0x207,519
WM_MBUTTONUP,0x208,520
WM_MBUTTONDBLCLK,0x209,521
WM_MOUSEWHEEL,0x20A,522
WM_XBUTTONDOWN,0x20B,523
WM_XBUTTONUP,0x20C,524
WM_XBUTTONDBLCLK,0x20D,525
WM_MOUSEHWHEEL,0x20E,526
WM_PARENTNOTIFY,0x210,528
WM_ENTERMENULOOP,0x211,529
WM_EXITMENULOOP,0x212,530
WM_NEXTMENU,0x213,531
WM_SIZING,0x214,532
WM_CAPTURECHANGED,0x215,533
WM_MOVING,0x216,534
WM_POWERBROADCAST,0x218,536
WM_DEVICECHANGE,0x219,537
WM_MDICREATE,0x220,544
WM_MDIDESTROY,0x221,545
WM_MDIACTIVATE,0x222,546
WM_MDIRESTORE,0x223,547
WM_MDINEXT,0x224,548
WM_MDIMAXIMIZE,0x225,549
WM_MDITILE,0x226,550
WM_MDICASCADE,0x227,551
WM_MDIICONARRANGE,0x228,552
WM_MDIGETACTIVE,0x229,553
WM_MDISETMENU,0x230,560
WM_ENTERSIZEMOVE,0x231,561
WM_EXITSIZEMOVE,0x232,562
WM_DROPFILES,0x233,563
WM_MDIREFRESHMENU,0x234,564
WM_TOUCH,0x240,576
WM_IME_SETCONTEXT,0x281,641
WM_IME_NOTIFY,0x282,642
WM_IME_CONTROL,0x283,643
WM_IME_COMPOSITIONFULL,0x284,644
WM_IME_SELECT,0x285,645
WM_IME_CHAR,0x286,646
WM_IME_REQUEST,0x288,648
WM_IME_KEYDOWN,0x290,656
WM_IME_KEYUP,0x291,657
WM_NCMOUSEHOVER,0x2A0,672
WM_MOUSEHOVER,0x2A1,673
WM_NCMOUSELEAVE,0x2A2,674
WM_MOUSELEAVE,0x2A3,675
WM_WTSSESSION_CHANGE,0x2B1,689
WM_CUT,0x300,768
WM_COPY,0x301,769
WM_PASTE,0x302,770
WM_CLEAR,0x303,771
WM_UNDO,0x304,772
WM_RENDERFORMAT,0x305,773
WM_RENDERALLFORMATS,0x306,774
WM_DESTROYCLIPBOARD,0x307,775
WM_DRAWCLIPBOARD,0x308,776
WM_PAINTCLIPBOARD,0x309,777
WM_VSCROLLCLIPBOARD,0x30A,778
WM_SIZECLIPBOARD,0x30B,779
WM_ASKCBFORMATNAME,0x30C,780
WM_CHANGECBCHAIN,0x30D,781
WM_HSCROLLCLIPBOARD,0x30E,782
WM_QUERYNEWPALETTE,0x30F,783
WM_PALETTEISCHANGING,0x310,784
WM_PALETTECHANGED,0x311,785
WM_HOTKEY,0x312,786
WM_PRINT,0x317,791
WM_PRINTCLIENT,0x318,792
WM_APPCOMMAND,0x319,793
WM_THEMECHANGED,0x31A,794
WM_CLIPBOARDUPDATE,0x31D,797
WM_DWMCOMPOSITIONCHANGED,0x31E,798
WM_DWMNCRENDERINGCHANGED,0x31F,799
WM_DWMCOLORIZATIONCOLORCHANGED,0x320,800
WM_DWMWINDOWMAXIMIZEDCHANGE,0x321,801
WM_DWMSENDICONICTHUMBNAIL,0x323,803
WM_DWMSENDICONICLIVEPREVIEWBITMAP,0x326,806
WM_GETTITLEBARINFOEX,0x33F,831
WM_QUERYAFXWNDPROC,0x360,864
WM_SIZEPARENT,0x361,865
WM_SETMESSAGESTRING,0x362,866
WM_IDLEUPDATECMDUI,0x363,867
WM_INITIALUPDATE,0x364,868
WM_COMMANDHELP,0x365,869
WM_HELPHITTEST,0x366,870
WM_EXITHELPMODE,0x367,871
WM_RECALCPARENT,0x368,872
WM_SIZECHILD,0x369,873
WM_KICKIDLE,0x36A,874
WM_QUERYCENTERWND,0x36B,875
WM_DISABLEMODAL,0x36C,876
WM_FLOATSTATUS,0x36D,877
WM_ACTIVATETOPLEVEL,0x36E,878
WM_SOCKET_NOTIFY,0x373,883
WM_SOCKET_DEAD,0x374,884
WM_POPMESSAGESTRING,0x375,885
WM_QUEUE_SENTINEL,0x379,889
WM_DDE_INITIATE,0x3E0,992
WM_DDE_TERMINATE,0x3E1,993
WM_DDE_ADVISE,0x3E2,994
WM_DDE_UNADVISE,0x3E3,995
WM_DDE_ACK,0x3E4,996
WM_DDE_DATA,0x3E5,997
WM_DDE_REQUEST,0x3E6,998
WM_DDE_POKE,0x3E7,999
WM_DDE_EXECUTE,0x3E8,1000
WM_PSD_PAGESETUPDLG,0x400,1024
WM_CHOOSEFONT_GETLOGFONT,0x401,1025
WM_PSD_FULLPAGERECT,0x401,1025
WM_PSD_MINMARGINRECT,0x402,1026
WM_PSD_MARGINRECT,0x403,1027
WM_PSD_GREEKTEXTRECT,0x404,1028
WM_PSD_ENVSTAMPRECT,0x405,1029
WM_PSD_YAFULLPAGERECT,0x406,1030
WM_CHOOSEFONT_SETLOGFONT,0x465,1125
WM_CHOOSEFONT_SETFLAGS,0x466,1126
ACM_OPENA,0x464,1124
ACM_PLAY,0x465,1125
ACM_STOP,0x466,1126
ACM_OPENW,0x467,1127
ACM_ISPLAYING,0x468,1128
BCM_GETIDEALSIZE,0x1601,5633
BCM_SETIMAGELIST,0x1602,5634
BCM_GETIMAGELIST,0x1603,5635
BCM_SETTEXTMARGIN,0x1604,5636
BCM_GETTEXTMARGIN,0x1605,5637
BCM_SETDROPDOWNSTATE,0x1606,5638
BCM_SETSPLITINFO,0x1607,5639
BCM_GETSPLITINFO,0x1608,5640
BCM_SETNOTE,0x1609,5641
BCM_GETNOTE,0x160A,5642
BCM_GETNOTELENGTH,0x160B,5643
BCM_SETSHIELD,0x160C,5644
BM_GETCHECK,0xF0,240
BM_SETCHECK,0xF1,241
BM_GETSTATE,0xF2,242
BM_SETSTATE,0xF3,243
BM_SETSTYLE,0xF4,244
BM_CLICK,0xF5,245
BM_GETIMAGE,0xF6,246
BM_SETIMAGE,0xF7,247
BM_SETDONTCLICK,0xF8,248
CB_GETEDITSEL,0x140,320
CB_LIMITTEXT,0x141,321
CB_SETEDITSEL,0x142,322
CB_ADDSTRING,0x143,323
CB_DELETESTRING,0x144,324
CB_DIR,0x145,325
CB_GETCOUNT,0x146,326
CB_GETCURSEL,0x147,327
CB_GETLBTEXT,0x148,328
CB_GETLBTEXTLEN,0x149,329
CB_INSERTSTRING,0x14A,330
CB_RESETCONTENT,0x14B,331
CB_FINDSTRING,0x14C,332
CB_SELECTSTRING,0x14D,333
CB_SETCURSEL,0x14E,334
CB_SHOWDROPDOWN,0x14F,335
CB_GETITEMDATA,0x150,336
CB_SETITEMDATA,0x151,337
CB_GETDROPPEDCONTROLRECT,0x152,338
CB_SETITEMHEIGHT,0x153,339
CB_GETITEMHEIGHT,0x154,340
CB_SETEXTENDEDUI,0x155,341
CB_GETEXTENDEDUI,0x156,342
CB_GETDROPPEDSTATE,0x157,343
CB_FINDSTRINGEXACT,0x158,344
CB_SETLOCALE,0x159,345
CB_GETLOCALE,0x15A,346
CB_GETTOPINDEX,0x15B,347
CB_SETTOPINDEX,0x15C,348
CB_GETHORIZONTALEXTENT,0x15D,349
CB_SETHORIZONTALEXTENT,0x15E,350
CB_GETDROPPEDWIDTH,0x15F,351
CB_SETDROPPEDWIDTH,0x160,352
CB_INITSTORAGE,0x161,353
CB_MULTIPLEADDSTRING,0x163,355
CB_GETCOMBOBOXINFO,0x164,356
CB_SETMINVISIBLE,0x1701,5889
CB_GETMINVISIBLE,0x1702,5890
CB_SETCUEBANNER,0x1703,5891
CB_GETCUEBANNER,0x1704,5892
CBEM_INSERTITEMA,0x401,1025
CBEM_SETIMAGELIST,0x402,1026
CBEM_GETIMAGELIST,0x403,1027
CBEM_GETITEMA,0x404,1028
CBEM_SETITEMA,0x405,1029
CBEM_GETCOMBOCONTROL,0x406,1030
CBEM_GETEDITCONTROL,0x407,1031
CBEM_SETEXSTYLE,0x408,1032
CBEM_GETEXTENDEDSTYLE,0x409,1033
CBEM_HASEDITCHANGED,0x40A,1034
CBEM_INSERTITEMW,0x40B,1035
CBEM_SETITEMW,0x40C,1036
CBEM_GETITEMW,0x40D,1037
CBEM_SETEXTENDEDSTYLE,0x40E,1038
CCM_SETBKCOLOR,0x2001,8193
CCM_SETCOLORSCHEME,0x2002,8194
CCM_GETCOLORSCHEME,0x2003,8195
CCM_GETDROPTARGET,0x2004,8196
CCM_SETUNICODEFORMAT,0x2005,8197
CCM_GETUNICODEFORMAT,0x2006,8198
CCM_SETVERSION,0x2007,8199
CCM_GETVERSION,0x2008,8200
CCM_SETNOTIFYWINDOW,0x2009,8201
CCM_SETWINDOWTHEME,0x200B,8203
CCM_DPISCALE,0x200C,8204
CDM_GETSPEC,0x464,1124
CDM_GETFILEPATH,0x465,1125
CDM_GETFOLDERPATH,0x466,1126
CDM_GETFOLDERIDLIST,0x467,1127
CDM_SETCONTROLTEXT,0x468,1128
CDM_HIDECONTROL,0x469,1129
CDM_SETDEFEXT,0x46A,1130
DL_BEGINDRAG,0x485,1157
DL_DRAGGING,0x486,1158
DL_DROPPED,0x487,1159
DL_CANCELDRAG,0x488,1160
DM_GETDEFID,0x400,1024
DM_SETDEFID,0x401,1025
DM_REPOSITION,0x402,1026
DTM_GETSYSTEMTIME,0x1001,4097
DTM_SETSYSTEMTIME,0x1002,4098
DTM_GETRANGE,0x1003,4099
DTM_SETRANGE,0x1004,4100
DTM_SETFORMATA,0x1005,4101
DTM_SETMCCOLOR,0x1006,4102
DTM_GETMCCOLOR,0x1007,4103
DTM_GETMONTHCAL,0x1008,4104
DTM_SETMCFONT,0x1009,4105
DTM_GETMCFONT,0x100A,4106
DTM_SETMCSTYLE,0x100B,4107
DTM_GETMCSTYLE,0x100C,4108
DTM_CLOSEMONTHCAL,0x100D,4109
DTM_GETDATETIMEPICKERINFO,0x100E,4110
DTM_GETIDEALSIZE,0x100F,4111
DTM_SETFORMATW,0x1032,4146
EM_GETSEL,0xB0,176
EM_SETSEL,0xB1,177
EM_GETRECT,0xB2,178
EM_SETRECT,0xB3,179
EM_SETRECTNP,0xB4,180
EM_SCROLL,0xB5,181
EM_LINESCROLL,0xB6,182
EM_SCROLLCARET,0xB7,183
EM_GETMODIFY,0xB8,184
EM_SETMODIFY,0xB9,185
EM_GETLINECOUNT,0xBA,186
EM_LINEINDEX,0xBB,187
EM_SETHANDLE,0xBC,188
EM_GETHANDLE,0xBD,189
EM_GETTHUMB,0xBE,190
EM_LINELENGTH,0xC1,193
EM_REPLACESEL,0xC2,194
EM_GETLINE,0xC4,196
EM_SETLIMITTEXT,0xC5,197
EM_CANUNDO,0xC6,198
EM_UNDO,0xC7,199
EM_FMTLINES,0xC8,200
EM_LINEFROMCHAR,0xC9,201
EM_SETTABSTOPS,0xCB,203
EM_SETPASSWORDCHAR,0xCC,204
EM_EMPTYUNDOBUFFER,0xCD,205
EM_GETFIRSTVISIBLELINE,0xCE,206
EM_SETREADONLY,0xCF,207
EM_SETWORDBREAKPROC,0xD0,208
EM_GETWORDBREAKPROC,0xD1,209
EM_GETPASSWORDCHAR,0xD2,210
EM_SETMARGINS,0xD3,211
EM_GETMARGINS,0xD4,212
EM_GETLIMITTEXT,0xD5,213
EM_POSFROMCHAR,0xD6,214
EM_CHARFROMPOS,0xD7,215
EM_SETIMESTATUS,0xD8,216
EM_GETIMESTATUS,0xD9,217
EM_CANPASTE,0x432,1074
EM_DISPLAYBAND,0x433,1075
EM_EXGETSEL,0x434,1076
EM_EXLIMITTEXT,0x435,1077
EM_EXLINEFROMCHAR,0x436,1078
EM_EXSETSEL,0x437,1079
EM_FINDTEXT,0x438,1080
EM_FORMATRANGE,0x439,1081
EM_GETCHARFORMAT,0x43A,1082
EM_GETEVENTMASK,0x43B,1083
EM_GETOLEINTERFACE,0x43C,1084
EM_GETPARAFORMAT,0x43D,1085
EM_GETSELTEXT,0x43E,1086
EM_HIDESELECTION,0x43F,1087
EM_PASTESPECIAL,0x440,1088
EM_REQUESTRESIZE,0x441,1089
EM_SELECTIONTYPE,0x442,1090
EM_SETBKGNDCOLOR,0x443,1091
EM_SETCHARFORMAT,0x444,1092
EM_SETEVENTMASK,0x445,1093
EM_SETOLECALLBACK,0x446,1094
EM_SETPARAFORMAT,0x447,1095
EM_SETTARGETDEVICE,0x448,1096
EM_STREAMIN,0x449,1097
EM_STREAMOUT,0x44A,1098
EM_GETTEXTRANGE,0x44B,1099
EM_FINDWORDBREAK,0x44C,1100
EM_SETOPTIONS,0x44D,1101
EM_GETOPTIONS,0x44E,1102
EM_FINDTEXTEX,0x44F,1103
EM_GETWORDBREAKPROCEX,0x450,1104
EM_SETWORDBREAKPROCEX,0x451,1105
EM_SETUNDOLIMIT,0x452,1106
EM_REDO,0x454,1108
EM_CANREDO,0x455,1109
EM_GETUNDONAME,0x456,1110
EM_GETREDONAME,0x457,1111
EM_STOPGROUPTYPING,0x458,1112
EM_SETTEXTMODE,0x459,1113
EM_GETTEXTMODE,0x45A,1114
EM_AUTOURLDETECT,0x45B,1115
EM_GETAUTOURLDETECT,0x45C,1116
EM_SETPALETTE,0x45D,1117
EM_GETTEXTEX,0x45E,1118
EM_GETTEXTLENGTHEX,0x45F,1119
EM_SHOWSCROLLBAR,0x460,1120
EM_SETTEXTEX,0x461,1121
EM_SETPUNCTUATION,0x464,1124
EM_GETPUNCTUATION,0x465,1125
EM_SETWORDWRAPMODE,0x466,1126
EM_GETWORDWRAPMODE,0x467,1127
EM_SETIMECOLOR,0x468,1128
EM_GETIMECOLOR,0x469,1129
EM_SETIMEOPTIONS,0x46A,1130
EM_GETIMEOPTIONS,0x46B,1131
EM_CONVPOSITION,0x46C,1132
EM_SETLANGOPTIONS,0x478,1144
EM_GETLANGOPTIONS,0x479,1145
EM_GETIMECOMPMODE,0x47A,1146
EM_FINDTEXTW,0x47B,1147
EM_FINDTEXTEXW,0x47C,1148
EM_RECONVERSION,0x47D,1149
EM_SETIMEMODEBIAS,0x47E,1150
EM_GETIMEMODEBIAS,0x47F,1151
EM_SETBIDIOPTIONS,0x4C8,1224
EM_GETBIDIOPTIONS,0x4C9,1225
EM_SETTYPOGRAPHYOPTIONS,0x4CA,1226
EM_GETTYPOGRAPHYOPTIONS,0x4CB,1227
EM_SETEDITSTYLE,0x4CC,1228
EM_GETEDITSTYLE,0x4CD,1229
EM_OUTLINE,0x4DC,1244
EM_GETSCROLLPOS,0x4DD,1245
EM_SETSCROLLPOS,0x4DE,1246
EM_SETFONTSIZE,0x4DF,1247
EM_GETZOOM,0x4E0,1248
EM_SETZOOM,0x4E1,1249
EM_GETVIEWKIND,0x4E2,1250
EM_SETVIEWKIND,0x4E3,1251
EM_GETPAGE,0x4E4,1252
EM_SETPAGE,0x4E5,1253
EM_GETHYPHENATEINFO,0x4E6,1254
EM_SETHYPHENATEINFO,0x4E7,1255
EM_GETPAGEROTATE,0x4EB,1259
EM_SETPAGEROTATE,0x4EC,1260
EM_GETCTFMODEBIAS,0x4ED,1261
EM_SETCTFMODEBIAS,0x4EE,1262
EM_GETCTFOPENSTATUS,0x4F0,1264
EM_SETCTFOPENSTATUS,0x4F1,1265
EM_GETIMECOMPTEXT,0x4F2,1266
EM_ISIME,0x4F3,1267
EM_GETIMEPROPERTY,0x4F4,1268
EM_GETQUERYRTFOBJ,0x50D,1293
EM_SETQUERYRTFOBJ,0x50E,1294
EM_SETCUEBANNER,0x1501,5377
EM_GETCUEBANNER,0x1502,5378
EM_SHOWBALLOONTIP,0x1503,5379
EM_HIDEBALLOONTIP,0x1504,5380
EM_SETHILITE,0x1505,5381
EM_GETHILITE,0x1506,5382
EM_NOSETFOCUS,0x1507,5383
EM_TAKEFOCUS,0x1508,5384
HDM_GETITEMCOUNT,0x1200,4608
HDM_INSERTITEMA,0x1201,4609
HDM_DELETEITEM,0x1202,4610
HDM_GETITEMA,0x1203,4611
HDM_SETITEMA,0x1204,4612
HDM_LAYOUT,0x1205,4613
HDM_HITTEST,0x1206,4614
HDM_GETITEMRECT,0x1207,4615
HDM_SETIMAGELIST,0x1208,4616
HDM_GETIMAGELIST,0x1209,4617
HDM_INSERTITEMW,0x120A,4618
HDM_GETITEMW,0x120B,4619
HDM_SETITEMW,0x120C,4620
HDM_ORDERTOINDEX,0x120F,4623
HDM_CREATEDRAGIMAGE,0x1210,4624
HDM_GETORDERARRAY,0x1211,4625
HDM_SETORDERARRAY,0x1212,4626
HDM_SETHOTDIVIDER,0x1213,4627
HDM_SETBITMAPMARGIN,0x1214,4628
HDM_GETBITMAPMARGIN,0x1215,4629
HDM_SETFILTERCHANGETIMEOUT,0x1216,4630
HDM_EDITFILTER,0x1217,4631
HDM_CLEARFILTER,0x1218,4632
HDM_GETITEMDROPDOWNRECT,0x1219,4633
HDM_GETOVERFLOWRECT,0x121A,4634
HDM_GETFOCUSEDITEM,0x121B,4635
HDM_SETFOCUSEDITEM,0x121C,4636
HKM_SETHOTKEY,0x401,1025
HKM_GETHOTKEY,0x402,1026
HKM_SETRULES,0x403,1027
IPM_CLEARADDRESS,0x464,1124
IPM_SETADDRESS,0x465,1125
IPM_GETADDRESS,0x466,1126
IPM_SETRANGE,0x467,1127
IPM_SETFOCUS,0x468,1128
IPM_ISBLANK,0x469,1129
LB_ADDSTRING,0x180,384
LB_INSERTSTRING,0x181,385
LB_DELETESTRING,0x182,386
LB_SELITEMRANGEEX,0x183,387
LB_RESETCONTENT,0x184,388
LB_SETSEL,0x185,389
LB_SETCURSEL,0x186,390
LB_GETSEL,0x187,391
LB_GETCURSEL,0x188,392
LB_GETTEXT,0x189,393
LB_GETTEXTLEN,0x18A,394
LB_GETCOUNT,0x18B,395
LB_SELECTSTRING,0x18C,396
LB_DIR,0x18D,397
LB_GETTOPINDEX,0x18E,398
LB_FINDSTRING,0x18F,399
LB_GETSELCOUNT,0x190,400
LB_GETSELITEMS,0x191,401
LB_SETTABSTOPS,0x192,402
LB_GETHORIZONTALEXTENT,0x193,403
LB_SETHORIZONTALEXTENT,0x194,404
LB_SETCOLUMNWIDTH,0x195,405
LB_ADDFILE,0x196,406
LB_SETTOPINDEX,0x197,407
LB_GETITEMRECT,0x198,408
LB_GETITEMDATA,0x199,409
LB_SETITEMDATA,0x19A,410
LB_SELITEMRANGE,0x19B,411
LB_SETANCHORINDEX,0x19C,412
LB_GETANCHORINDEX,0x19D,413
LB_SETCARETINDEX,0x19E,414
LB_GETCARETINDEX,0x19F,415
LB_SETITEMHEIGHT,0x1A0,416
LB_GETITEMHEIGHT,0x1A1,417
LB_FINDSTRINGEXACT,0x1A2,418
LB_SETLOCALE,0x1A5,421
LB_GETLOCALE,0x1A6,422
LB_SETCOUNT,0x1A7,423
LB_INITSTORAGE,0x1A8,424
LB_ITEMFROMPOINT,0x1A9,425
LB_MULTIPLEADDSTRING,0x1B1,433
LB_GETLISTBOXINFO,0x1B2,434
LM_HITTEST,0x700,1792
LM_GETIDEALHEIGHT,0x701,1793
LM_SETITEM,0x702,1794
LM_GETITEM,0x703,1795
LVM_GETBKCOLOR,0x1000,4096
LVM_SETBKCOLOR,0x1001,4097
LVM_GETIMAGELIST,0x1002,4098
LVM_SETIMAGELIST,0x1003,4099
LVM_GETITEMCOUNT,0x1004,4100
LVM_GETITEMA,0x1005,4101
LVM_SETITEMA,0x1006,4102
LVM_INSERTITEMA,0x1007,4103
LVM_DELETEITEM,0x1008,4104
LVM_DELETEALLITEMS,0x1009,4105
LVM_GETCALLBACKMASK,0x100A,4106
LVM_SETCALLBACKMASK,0x100B,4107
LVM_GETNEXTITEM,0x100C,4108
LVM_FINDITEMA,0x100D,4109
LVM_GETITEMRECT,0x100E,4110
LVM_SETITEMPOSITION,0x100F,4111
LVM_GETITEMPOSITION,0x1010,4112
LVM_GETSTRINGWIDTHA,0x1011,4113
LVM_HITTEST,0x1012,4114
LVM_ENSUREVISIBLE,0x1013,4115
LVM_SCROLL,0x1014,4116
LVM_REDRAWITEMS,0x1015,4117
LVM_ARRANGE,0x1016,4118
LVM_EDITLABELA,0x1017,4119
LVM_GETEDITCONTROL,0x1018,4120
LVM_GETCOLUMNA,0x1019,4121
LVM_SETCOLUMNA,0x101A,4122
LVM_INSERTCOLUMNA,0x101B,4123
LVM_DELETECOLUMN,0x101C,4124
LVM_GETCOLUMNWIDTH,0x101D,4125
LVM_SETCOLUMNWIDTH,0x101E,4126
LVM_GETHEADER,0x101F,4127
LVM_CREATEDRAGIMAGE,0x1021,4129
LVM_GETVIEWRECT,0x1022,4130
LVM_GETTEXTCOLOR,0x1023,4131
LVM_SETTEXTCOLOR,0x1024,4132
LVM_GETTEXTBKCOLOR,0x1025,4133
LVM_SETTEXTBKCOLOR,0x1026,4134
LVM_GETTOPINDEX,0x1027,4135
LVM_GETCOUNTPERPAGE,0x1028,4136
LVM_GETORIGIN,0x1029,4137
LVM_UPDATE,0x102A,4138
LVM_SETITEMSTATE,0x102B,4139
LVM_GETITEMSTATE,0x102C,4140
LVM_GETITEMTEXTA,0x102D,4141
LVM_SETITEMTEXTA,0x102E,4142
LVM_SETITEMCOUNT,0x102F,4143
LVM_SORTITEMS,0x1030,4144
LVM_SETITEMPOSITION32,0x1031,4145
LVM_GETSELECTEDCOUNT,0x1032,4146
LVM_GETITEMSPACING,0x1033,4147
LVM_GETISEARCHSTRINGA,0x1034,4148
LVM_SETICONSPACING,0x1035,4149
LVM_SETEXTENDEDLISTVIEWSTYLE,0x1036,4150
LVM_GETEXTENDEDLISTVIEWSTYLE,0x1037,4151
LVM_GETSUBITEMRECT,0x1038,4152
LVM_SUBITEMHITTEST,0x1039,4153
LVM_SETCOLUMNORDERARRAY,0x103A,4154
LVM_GETCOLUMNORDERARRAY,0x103B,4155
LVM_SETHOTITEM,0x103C,4156
LVM_GETHOTITEM,0x103D,4157
LVM_SETHOTCURSOR,0x103E,4158
LVM_GETHOTCURSOR,0x103F,4159
LVM_APPROXIMATEVIEWRECT,0x1040,4160
LVM_SETWORKAREAS,0x1041,4161
LVM_GETSELECTIONMARK,0x1042,4162
LVM_SETSELECTIONMARK,0x1043,4163
LVM_SETBKIMAGEA,0x1044,4164
LVM_GETBKIMAGEA,0x1045,4165
LVM_GETWORKAREAS,0x1046,4166
LVM_SETHOVERTIME,0x1047,4167
LVM_GETHOVERTIME,0x1048,4168
LVM_GETNUMBEROFWORKAREAS,0x1049,4169
LVM_SETTOOLTIPS,0x104A,4170
LVM_GETITEMW,0x104B,4171
LVM_SETITEMW,0x104C,4172
LVM_INSERTITEMW,0x104D,4173
LVM_GETTOOLTIPS,0x104E,4174
LVM_SORTITEMSEX,0x1051,4177
LVM_FINDITEMW,0x1053,4179
LVM_GETSTRINGWIDTHW,0x1057,4183
LVM_GETGROUPSTATE,0x105C,4188
LVM_GETFOCUSEDGROUP,0x105D,4189
LVM_GETCOLUMNW,0x105F,4191
LVM_SETCOLUMNW,0x1060,4192
LVM_INSERTCOLUMNW,0x1061,4193
LVM_GETGROUPRECT,0x1062,4194
LVM_GETITEMTEXTW,0x1073,4211
LVM_SETITEMTEXTW,0x1074,4212
LVM_GETISEARCHSTRINGW,0x1075,4213
LVM_EDITLABELW,0x1076,4214
LVM_SETBKIMAGEW,0x108A,4234
LVM_GETBKIMAGEW,0x108B,4235
LVM_SETSELECTEDCOLUMN,0x108C,4236
LVM_SETVIEW,0x108E,4238
LVM_GETVIEW,0x108F,4239
LVM_INSERTGROUP,0x1091,4241
LVM_SETGROUPINFO,0x1093,4243
LVM_GETGROUPINFO,0x1095,4245
LVM_REMOVEGROUP,0x1096,4246
LVM_MOVEGROUP,0x1097,4247
LVM_GETGROUPCOUNT,0x1098,4248
LVM_GETGROUPINFOBYINDEX,0x1099,4249
LVM_MOVEITEMTOGROUP,0x109A,4250
LVM_SETGROUPMETRICS,0x109B,4251
LVM_GETGROUPMETRICS,0x109C,4252
LVM_ENABLEGROUPVIEW,0x109D,4253
LVM_SORTGROUPS,0x109E,4254
LVM_INSERTGROUPSORTED,0x109F,4255
LVM_REMOVEALLGROUPS,0x10A0,4256
LVM_HASGROUP,0x10A1,4257
LVM_SETTILEVIEWINFO,0x10A2,4258
LVM_GETTILEVIEWINFO,0x10A3,4259
LVM_SETTILEINFO,0x10A4,4260
LVM_GETTILEINFO,0x10A5,4261
LVM_SETINSERTMARK,0x10A6,4262
LVM_GETINSERTMARK,0x10A7,4263
LVM_INSERTMARKHITTEST,0x10A8,4264
LVM_GETINSERTMARKRECT,0x10A9,4265
LVM_SETINSERTMARKCOLOR,0x10AA,4266
LVM_GETINSERTMARKCOLOR,0x10AB,4267
LVM_SETINFOTIP,0x10AD,4269
LVM_GETSELECTEDCOLUMN,0x10AE,4270
LVM_ISGROUPVIEWENABLED,0x10AF,4271
LVM_GETOUTLINECOLOR,0x10B0,4272
LVM_SETOUTLINECOLOR,0x10B1,4273
LVM_CANCELEDITLABEL,0x10B3,4275
LVM_MAPINDEXTOID,0x10B4,4276
LVM_MAPIDTOINDEX,0x10B5,4277
LVM_ISITEMVISIBLE,0x10B6,4278
LVM_GETEMPTYTEXT,0x10CC,4300
LVM_GETFOOTERRECT,0x10CD,4301
LVM_GETFOOTERINFO,0x10CE,4302
LVM_GETFOOTERITEMRECT,0x10CF,4303
LVM_GETFOOTERITEM,0x10D0,4304
LVM_GETITEMINDEXRECT,0x10D1,4305
LVM_SETITEMINDEXSTATE,0x10D2,4306
LVM_GETNEXTITEMINDEX,0x10D3,4307
MCM_GETCURSEL,0x1001,4097
MCM_SETCURSEL,0x1002,4098
MCM_GETMAXSELCOUNT,0x1003,4099
MCM_SETMAXSELCOUNT,0x1004,4100
MCM_GETSELRANGE,0x1005,4101
MCM_SETSELRANGE,0x1006,4102
MCM_GETMONTHRANGE,0x1007,4103
MCM_SETDAYSTATE,0x1008,4104
MCM_GETMINREQRECT,0x1009,4105
MCM_SETCOLOR,0x100A,4106
MCM_GETCOLOR,0x100B,4107
MCM_SETTODAY,0x100C,4108
MCM_GETTODAY,0x100D,4109
MCM_HITTEST,0x100E,4110
MCM_SETFIRSTDAYOFWEEK,0x100F,4111
MCM_GETFIRSTDAYOFWEEK,0x1010,4112
MCM_GETRANGE,0x1011,4113
MCM_SETRANGE,0x1012,4114
MCM_GETMONTHDELTA,0x1013,4115
MCM_SETMONTHDELTA,0x1014,4116
MCM_GETMAXTODAYWIDTH,0x1015,4117
MCM_GETCURRENTVIEW,0x1016,4118
MCM_GETCALENDARCOUNT,0x1017,4119
MCM_GETCALENDARGRIDINFO,0x1018,4120
MCM_GETCALID,0x101B,4123
MCM_SETCALID,0x101C,4124
MCM_SIZERECTTOMIN,0x101D,4125
MCM_SETCALENDARBORDER,0x101E,4126
MCM_GETCALENDARBORDER,0x101F,4127
MCM_SETCURRENTVIEW,0x1020,4128
NCM_GETADDRESS,0x401,1025
NCM_SETALLOWTYPE,0x402,1026
NCM_GETALLOWTYPE,0x403,1027
NCM_DISPLAYERRORTIP,0x404,1028
PBM_SETRANGE,0x401,1025
PBM_SETPOS,0x402,1026
PBM_DELTAPOS,0x403,1027
PBM_SETSTEP,0x404,1028
PBM_STEPIT,0x405,1029
PBM_SETRANGE32,0x406,1030
PBM_GETRANGE,0x407,1031
PBM_GETPOS,0x408,1032
PBM_SETBARCOLOR,0x409,1033
PBM_SETMARQUEE,0x40A,1034
PBM_GETSTEP,0x40D,1037
PBM_GETBKCOLOR,0x40E,1038
PBM_GETBARCOLOR,0x40F,1039
PBM_SETSTATE,0x410,1040
PBM_GETSTATE,0x411,1041
PGM_SETCHILD,0x1401,5121
PGM_RECALCSIZE,0x1402,5122
PGM_FORWARDMOUSE,0x1403,5123
PGM_SETBKCOLOR,0x1404,5124
PGM_GETBKCOLOR,0x1405,5125
PGM_SETBORDER,0x1406,5126
PGM_GETBORDER,0x1407,5127
PGM_SETPOS,0x1408,5128
PGM_GETPOS,0x1409,5129
PGM_SETBUTTONSIZE,0x140A,5130
PGM_GETBUTTONSIZE,0x140B,5131
PGM_GETBUTTONSTATE,0x140C,5132
PGM_SETSCROLLINFO,0x140D,5133
PSM_SETCURSEL,0x465,1125
PSM_REMOVEPAGE,0x466,1126
PSM_ADDPAGE,0x467,1127
PSM_CHANGED,0x468,1128
PSM_RESTARTWINDOWS,0x469,1129
PSM_REBOOTSYSTEM,0x46A,1130
PSM_CANCELTOCLOSE,0x46B,1131
PSM_QUERYSIBLINGS,0x46C,1132
PSM_UNCHANGED,0x46D,1133
PSM_APPLY,0x46E,1134
PSM_SETTITLEA,0x46F,1135
PSM_SETWIZBUTTONS,0x470,1136
PSM_PRESSBUTTON,0x471,1137
PSM_SETCURSELID,0x472,1138
PSM_SETFINISHTEXTA,0x473,1139
PSM_GETTABCONTROL,0x474,1140
PSM_ISDIALOGMESSAGE,0x475,1141
PSM_GETCURRENTPAGEHWND,0x476,1142
PSM_INSERTPAGE,0x477,1143
PSM_SETTITLEW,0x478,1144
PSM_SETFINISHTEXTW,0x479,1145
PSM_SETHEADERTITLEA,0x47D,1149
PSM_SETHEADERTITLEW,0x47E,1150
PSM_SETHEADERSUBTITLEA,0x47F,1151
PSM_SETHEADERSUBTITLEW,0x480,1152
PSM_HWNDTOINDEX,0x481,1153
PSM_INDEXTOHWND,0x482,1154
PSM_PAGETOINDEX,0x483,1155
PSM_INDEXTOPAGE,0x484,1156
PSM_IDTOINDEX,0x485,1157
PSM_INDEXTOID,0x486,1158
PSM_GETRESULT,0x487,1159
PSM_RECALCPAGESIZES,0x488,1160
PSM_SETNEXTTEXTW,0x489,1161
PSM_SHOWWIZBUTTONS,0x48A,1162
PSM_ENABLEWIZBUTTONS,0x48B,1163
PSM_SETBUTTONTEXTW,0x48C,1164
RB_INSERTBANDA,0x401,1025
RB_DELETEBAND,0x402,1026
RB_GETBARINFO,0x403,1027
RB_SETBARINFO,0x404,1028
RB_SETBANDINFOA,0x406,1030
RB_SETPARENT,0x407,1031
RB_HITTEST,0x408,1032
RB_GETRECT,0x409,1033
RB_INSERTBANDW,0x40A,1034
RB_SETBANDINFOW,0x40B,1035
RB_GETBANDCOUNT,0x40C,1036
RB_GETROWCOUNT,0x40D,1037
RB_GETROWHEIGHT,0x40E,1038
RB_IDTOINDEX,0x410,1040
RB_GETTOOLTIPS,0x411,1041
RB_SETTOOLTIPS,0x412,1042
RB_SETBKCOLOR,0x413,1043
RB_GETBKCOLOR,0x414,1044
RB_SETTEXTCOLOR,0x415,1045
RB_GETTEXTCOLOR,0x416,1046
RB_SIZETORECT,0x417,1047
RB_BEGINDRAG,0x418,1048
RB_ENDDRAG,0x419,1049
RB_DRAGMOVE,0x41A,1050
RB_GETBARHEIGHT,0x41B,1051
RB_GETBANDINFOW,0x41C,1052
RB_GETBANDINFOA,0x41D,1053
RB_MINIMIZEBAND,0x41E,1054
RB_MAXIMIZEBAND,0x41F,1055
RB_GETBANDBORDERS,0x422,1058
RB_SHOWBAND,0x423,1059
RB_SETPALETTE,0x425,1061
RB_GETPALETTE,0x426,1062
RB_MOVEBAND,0x427,1063
RB_GETBANDMARGINS,0x428,1064
RB_SETEXTENDEDSTYLE,0x429,1065
RB_GETEXTENDEDSTYLE,0x42A,1066
RB_PUSHCHEVRON,0x42B,1067
RB_SETBANDWIDTH,0x42C,1068
SB_SETTEXTA,0x401,1025
SB_GETTEXTA,0x402,1026
SB_GETTEXTLENGTHA,0x403,1027
SB_SETPARTS,0x404,1028
SB_GETPARTS,0x406,1030
SB_GETBORDERS,0x407,1031
SB_SETMINHEIGHT,0x408,1032
SB_SIMPLE,0x409,1033
SB_GETRECT,0x40A,1034
SB_SETTEXTW,0x40B,1035
SB_GETTEXTLENGTHW,0x40C,1036
SB_GETTEXTW,0x40D,1037
SB_ISSIMPLE,0x40E,1038
SB_SETICON,0x40F,1039
SB_SETTIPTEXTA,0x410,1040
SB_SETTIPTEXTW,0x411,1041
SB_GETTIPTEXTA,0x412,1042
SB_GETTIPTEXTW,0x413,1043
SB_GETICON,0x414,1044
SBM_SETPOS,0xE0,224
SBM_GETPOS,0xE1,225
SBM_SETRANGE,0xE2,226
SBM_GETRANGE,0xE3,227
SBM_ENABLE_ARROWS,0xE4,228
SBM_SETRANGEREDRAW,0xE6,230
SBM_SETSCROLLINFO,0xE9,233
SBM_GETSCROLLINFO,0xEA,234
SBM_GETSCROLLBARINFO,0xEB,235
STM_SETICON,0x170,368
STM_GETICON,0x171,369
STM_SETIMAGE,0x172,370
STM_GETIMAGE,0x173,371
TB_ENABLEBUTTON,0x401,1025
TB_CHECKBUTTON,0x402,1026
TB_PRESSBUTTON,0x403,1027
TB_HIDEBUTTON,0x404,1028
TB_INDETERMINATE,0x405,1029
TB_MARKBUTTON,0x406,1030
TB_ISBUTTONENABLED,0x409,1033
TB_ISBUTTONCHECKED,0x40A,1034
TB_ISBUTTONPRESSED,0x40B,1035
TB_ISBUTTONHIDDEN,0x40C,1036
TB_ISBUTTONINDETERMINATE,0x40D,1037
TB_ISBUTTONHIGHLIGHTED,0x40E,1038
TB_SETSTATE,0x411,1041
TB_GETSTATE,0x412,1042
TB_ADDBITMAP,0x413,1043
TB_ADDBUTTONSA,0x414,1044
TB_INSERTBUTTONA,0x415,1045
TB_DELETEBUTTON,0x416,1046
TB_GETBUTTON,0x417,1047
TB_BUTTONCOUNT,0x418,1048
TB_COMMANDTOINDEX,0x419,1049
TB_SAVERESTOREA,0x41A,1050
TB_CUSTOMIZE,0x41B,1051
TB_ADDSTRINGA,0x41C,1052
TB_GETITEMRECT,0x41D,1053
TB_BUTTONSTRUCTSIZE,0x41E,1054
TB_SETBUTTONSIZE,0x41F,1055
TB_SETBITMAPSIZE,0x420,1056
TB_AUTOSIZE,0x421,1057
TB_GETTOOLTIPS,0x423,1059
TB_SETTOOLTIPS,0x424,1060
TB_SETPARENT,0x425,1061
TB_SETROWS,0x427,1063
TB_GETROWS,0x428,1064
TB_GETBITMAPFLAGS,0x429,1065
TB_SETCMDID,0x42A,1066
TB_CHANGEBITMAP,0x42B,1067
TB_GETBITMAP,0x42C,1068
TB_GETBUTTONTEXTA,0x42D,1069
TB_REPLACEBITMAP,0x42E,1070
TB_SETINDENT,0x42F,1071
TB_SETIMAGELIST,0x430,1072
TB_GETIMAGELIST,0x431,1073
TB_LOADIMAGES,0x432,1074
TB_GETRECT,0x433,1075
TB_SETHOTIMAGELIST,0x434,1076
TB_GETHOTIMAGELIST,0x435,1077
TB_SETDISABLEDIMAGELIST,0x436,1078
TB_GETDISABLEDIMAGELIST,0x437,1079
TB_SETSTYLE,0x438,1080
TB_GETSTYLE,0x439,1081
TB_GETBUTTONSIZE,0x43A,1082
TB_SETBUTTONWIDTH,0x43B,1083
TB_SETMAXTEXTROWS,0x43C,1084
TB_GETTEXTROWS,0x43D,1085
TB_GETOBJECT,0x43E,1086
TB_GETBUTTONINFOW,0x43F,1087
TB_SETBUTTONINFOW,0x440,1088
TB_GETBUTTONINFOA,0x441,1089
TB_SETBUTTONINFOA,0x442,1090
TB_INSERTBUTTONW,0x443,1091
TB_ADDBUTTONSW,0x444,1092
TB_HITTEST,0x445,1093
TB_SETDRAWTEXTFLAGS,0x446,1094
TB_GETHOTITEM,0x447,1095
TB_SETHOTITEM,0x448,1096
TB_SETANCHORHIGHLIGHT,0x449,1097
TB_GETANCHORHIGHLIGHT,0x44A,1098
TB_GETBUTTONTEXTW,0x44B,1099
TB_SAVERESTOREW,0x44C,1100
TB_ADDSTRINGW,0x44D,1101
TB_MAPACCELERATORA,0x44E,1102
TB_GETINSERTMARK,0x44F,1103
TB_SETINSERTMARK,0x450,1104
TB_INSERTMARKHITTEST,0x451,1105
TB_MOVEBUTTON,0x452,1106
TB_GETMAXSIZE,0x453,1107
TB_SETEXTENDEDSTYLE,0x454,1108
TB_GETEXTENDEDSTYLE,0x455,1109
TB_GETPADDING,0x456,1110
TB_SETPADDING,0x457,1111
TB_SETINSERTMARKCOLOR,0x458,1112
TB_GETINSERTMARKCOLOR,0x459,1113
TB_MAPACCELERATORW,0x45A,1114
TB_GETSTRINGW,0x45B,1115
TB_GETSTRINGA,0x45C,1116
TB_SETBOUNDINGSIZE,0x45D,1117
TB_SETHOTITEM2,0x45E,1118
TB_HASACCELERATOR,0x45F,1119
TB_SETLISTGAP,0x460,1120
TB_GETIMAGELISTCOUNT,0x462,1122
TB_GETIDEALSIZE,0x463,1123
TB_GETMETRICS,0x465,1125
TB_SETMETRICS,0x466,1126
TB_GETITEMDROPDOWNRECT,0x467,1127
TB_SETPRESSEDIMAGELIST,0x468,1128
TB_GETPRESSEDIMAGELIST,0x469,1129
TBM_GETPOS,0x400,1024
TBM_GETRANGEMIN,0x401,1025
TBM_GETRANGEMAX,0x402,1026
TBM_GETTIC,0x403,1027
TBM_SETTIC,0x404,1028
TBM_SETPOS,0x405,1029
TBM_SETRANGE,0x406,1030
TBM_SETRANGEMIN,0x407,1031
TBM_SETRANGEMAX,0x408,1032
TBM_CLEARTICS,0x409,1033
TBM_SETSEL,0x40A,1034
TBM_SETSELSTART,0x40B,1035
TBM_SETSELEND,0x40C,1036
TBM_GETPTICS,0x40E,1038
TBM_GETTICPOS,0x40F,1039
TBM_GETNUMTICS,0x410,1040
TBM_GETSELSTART,0x411,1041
TBM_GETSELEND,0x412,1042
TBM_CLEARSEL,0x413,1043
TBM_SETTICFREQ,0x414,1044
TBM_SETPAGESIZE,0x415,1045
TBM_GETPAGESIZE,0x416,1046
TBM_SETLINESIZE,0x417,1047
TBM_GETLINESIZE,0x418,1048
TBM_GETTHUMBRECT,0x419,1049
TBM_GETCHANNELRECT,0x41A,1050
TBM_SETTHUMBLENGTH,0x41B,1051
TBM_GETTHUMBLENGTH,0x41C,1052
TBM_SETTOOLTIPS,0x41D,1053
TBM_GETTOOLTIPS,0x41E,1054
TBM_SETTIPSIDE,0x41F,1055
TBM_SETBUDDY,0x420,1056
TBM_GETBUDDY,0x421,1057
TBM_SETPOSNOTIFY,0x422,1058
TCM_GETIMAGELIST,0x1302,4866
TCM_SETIMAGELIST,0x1303,4867
TCM_GETITEMCOUNT,0x1304,4868
TCM_GETITEMA,0x1305,4869
TCM_SETITEMA,0x1306,4870
TCM_INSERTITEMA,0x1307,4871
TCM_DELETEITEM,0x1308,4872
TCM_DELETEALLITEMS,0x1309,4873
TCM_GETITEMRECT,0x130A,4874
TCM_GETCURSEL,0x130B,4875
TCM_SETCURSEL,0x130C,4876
TCM_HITTEST,0x130D,4877
TCM_SETITEMEXTRA,0x130E,4878
TCM_ADJUSTRECT,0x1328,4904
TCM_SETITEMSIZE,0x1329,4905
TCM_REMOVEIMAGE,0x132A,4906
TCM_SETPADDING,0x132B,4907
TCM_GETROWCOUNT,0x132C,4908
TCM_GETTOOLTIPS,0x132D,4909
TCM_SETTOOLTIPS,0x132E,4910
TCM_GETCURFOCUS,0x132F,4911
TCM_SETCURFOCUS,0x1330,4912
TCM_SETMINTABWIDTH,0x1331,4913
TCM_DESELECTALL,0x1332,4914
TCM_HIGHLIGHTITEM,0x1333,4915
TCM_SETEXTENDEDSTYLE,0x1334,4916
TCM_GETEXTENDEDSTYLE,0x1335,4917
TCM_GETITEMW,0x133C,4924
TCM_SETITEMW,0x133D,4925
TCM_INSERTITEMW,0x133E,4926
TTM_ACTIVATE,0x401,1025
TTM_SETDELAYTIME,0x403,1027
TTM_ADDTOOLA,0x404,1028
TTM_DELTOOLA,0x405,1029
TTM_NEWTOOLRECTA,0x406,1030
TTM_RELAYEVENT,0x407,1031
TTM_GETTOOLINFOA,0x408,1032
TTM_SETTOOLINFOA,0x409,1033
TTM_HITTESTA,0x40A,1034
TTM_GETTEXTA,0x40B,1035
TTM_UPDATETIPTEXTA,0x40C,1036
TTM_GETTOOLCOUNT,0x40D,1037
TTM_ENUMTOOLSA,0x40E,1038
TTM_GETCURRENTTOOLA,0x40F,1039
TTM_WINDOWFROMPOINT,0x410,1040
TTM_TRACKACTIVATE,0x411,1041
TTM_TRACKPOSITION,0x412,1042
TTM_SETTIPBKCOLOR,0x413,1043
TTM_SETTIPTEXTCOLOR,0x414,1044
TTM_GETDELAYTIME,0x415,1045
TTM_GETTIPBKCOLOR,0x416,1046
TTM_GETTIPTEXTCOLOR,0x417,1047
TTM_SETMAXTIPWIDTH,0x418,1048
TTM_GETMAXTIPWIDTH,0x419,1049
TTM_SETMARGIN,0x41A,1050
TTM_GETMARGIN,0x41B,1051
TTM_POP,0x41C,1052
TTM_UPDATE,0x41D,1053
TTM_GETBUBBLESIZE,0x41E,1054
TTM_ADJUSTRECT,0x41F,1055
TTM_SETTITLEA,0x420,1056
TTM_SETTITLEW,0x421,1057
TTM_POPUP,0x422,1058
TTM_GETTITLE,0x423,1059
TTM_ADDTOOLW,0x432,1074
TTM_DELTOOLW,0x433,1075
TTM_NEWTOOLRECTW,0x434,1076
TTM_GETTOOLINFOW,0x435,1077
TTM_SETTOOLINFOW,0x436,1078
TTM_HITTESTW,0x437,1079
TTM_GETTEXTW,0x438,1080
TTM_UPDATETIPTEXTW,0x439,1081
TTM_ENUMTOOLSW,0x43A,1082
TTM_GETCURRENTTOOLW,0x43B,1083
TVM_INSERTITEMA,0x1100,4352
TVM_DELETEITEM,0x1101,4353
TVM_EXPAND,0x1102,4354
TVM_GETITEMRECT,0x1104,4356
TVM_GETCOUNT,0x1105,4357
TVM_GETINDENT,0x1106,4358
TVM_SETINDENT,0x1107,4359
TVM_GETIMAGELIST,0x1108,4360
TVM_SETIMAGELIST,0x1109,4361
TVM_GETNEXTITEM,0x110A,4362
TVM_SELECTITEM,0x110B,4363
TVM_GETITEMA,0x110C,4364
TVM_SETITEMA,0x110D,4365
TVM_EDITLABELA,0x110E,4366
TVM_GETEDITCONTROL,0x110F,4367
TVM_GETVISIBLECOUNT,0x1110,4368
TVM_HITTEST,0x1111,4369
TVM_CREATEDRAGIMAGE,0x1112,4370
TVM_SORTCHILDREN,0x1113,4371
TVM_ENSUREVISIBLE,0x1114,4372
TVM_SORTCHILDRENCB,0x1115,4373
TVM_ENDEDITLABELNOW,0x1116,4374
TVM_GETISEARCHSTRINGA,0x1117,4375
TVM_SETTOOLTIPS,0x1118,4376
TVM_GETTOOLTIPS,0x1119,4377
TVM_SETINSERTMARK,0x111A,4378
TVM_SETITEMHEIGHT,0x111B,4379
TVM_GETITEMHEIGHT,0x111C,4380
TVM_SETBKCOLOR,0x111D,4381
TVM_SETTEXTCOLOR,0x111E,4382
TVM_GETBKCOLOR,0x111F,4383
TVM_GETTEXTCOLOR,0x1120,4384
TVM_SETSCROLLTIME,0x1121,4385
TVM_GETSCROLLTIME,0x1122,4386
TVM_SETBORDER,0x1123,4387
TVM_SETINSERTMARKCOLOR,0x1125,4389
TVM_GETINSERTMARKCOLOR,0x1126,4390
TVM_GETITEMSTATE,0x1127,4391
TVM_SETLINECOLOR,0x1128,4392
TVM_GETLINECOLOR,0x1129,4393
TVM_MAPACCIDTOHTREEITEM,0x112A,4394
TVM_MAPHTREEITEMTOACCID,0x112B,4395
TVM_SETEXTENDEDSTYLE,0x112C,4396
TVM_GETEXTENDEDSTYLE,0x112D,4397
TVM_INSERTITEMW,0x1132,4402
TVM_SETHOT,0x113A,4410
TVM_SETAUTOSCROLLINFO,0x113B,4411
TVM_GETITEMW,0x113E,4414
TVM_SETITEMW,0x113F,4415
TVM_GETISEARCHSTRINGW,0x1140,4416
TVM_EDITLABELW,0x1141,4417
TVM_GETSELECTEDCOUNT,0x1146,4422
TVM_SHOWINFOTIP,0x1147,4423
TVM_GETITEMPARTRECT,0x1148,4424
UDM_SETRANGE,0x465,1125
UDM_GETRANGE,0x466,1126
UDM_SETPOS,0x467,1127
UDM_GETPOS,0x468,1128
UDM_SETBUDDY,0x469,1129
UDM_GETBUDDY,0x46A,1130
UDM_SETACCEL,0x46B,1131
UDM_GETACCEL,0x46C,1132
UDM_SETBASE,0x46D,1133
UDM_GETBASE,0x46E,1134
UDM_SETRANGE32,0x46F,1135
UDM_GETRANGE32,0x470,1136
UDM_SETPOS32,0x471,1137
UDM_GETPOS32,0x472,1138
WM_CONVERTREQUESTEX,0x0,0
WM_CTLCOLOR,0x19,25
WM_WININICHANGE,0x1A,26
WM_TABLET_MAXOFFSET,0x20,32
WM_COMMNOTIFY,0x44,68
WM_KEYFIRST,0x100,256
WM_KEYLAST,0x109,265
WM_WNT_CONVERTREQUESTEX,0x109,265
WM_CONVERTREQUEST,0x10A,266
WM_CONVERTRESULT,0x10B,267
WM_INTERIM,0x10C,268
WM_IME_KEYLAST,0x10F,271
WM_MOUSEFIRST,0x200,512
WM_MOUSELAST,0x20E,526
WM_POINTERDEVICECHANGE,0x238,568
WM_POINTERDEVICEINRANGE,0x239,569
WM_POINTERDEVICEOUTOFRANGE,0x23A,570
WM_NCPOINTERUPDATE,0x241,577
WM_NCPOINTERDOWN,0x242,578
WM_NCPOINTERUP,0x243,579
WM_POINTERUPDATE,0x245,581
WM_POINTERDOWN,0x246,582
WM_POINTERUP,0x247,583
WM_POINTERENTER,0x249,585
WM_POINTERLEAVE,0x24A,586
WM_POINTERACTIVATE,0x24B,587
WM_POINTERCAPTURECHANGED,0x24C,588
WM_TOUCHHITTESTING,0x24D,589
WM_POINTERWHEEL,0x24E,590
WM_POINTERHWHEEL,0x24F,591
WM_IME_REPORT,0x280,640
WM_IMEKEYDOWN,0x290,656
WM_IMEKEYUP,0x291,657
WM_TABLET_DEFBASE,0x2C0,704
WM_TABLET_FIRST,0x2C0,704
WM_TABLET_ADDED,0x2C8,712
WM_TABLET_DELETED,0x2C9,713
WM_TABLET_FLICK,0x2CB,715
WM_TABLET_QUERYSYSTEMGESTURESTATUS,0x2CC,716
WM_TABLET_LAST,0x2DF,735
WM_DPICHANGED,0x2E0,736
WM_HANDHELDFIRST,0x358,856
WM_HANDHELDLAST,0x35F,863
WM_AFXFIRST,0x360,864
WM_QUERY3DCONTROLS,0x36F,879
WM_OCC_LOADFROMSTREAM,0x376,886
WM_OCC_LOADFROMSTORAGE,0x377,887
WM_OCC_INITNEW,0x378,888
WM_OCC_LOADFROMSTREAM_EX,0x37A,890
WM_OCC_LOADFROMSTORAGE_EX,0x37B,891
WM_AFXLAST,0x37F,895
WM_PENWINFIRST,0x380,896
WM_FI_FILENAME,0x384,900
WM_PENWINLAST,0x38F,911
WM_DDE_FIRST,0x3E0,992
WM_DDE_LAST,0x3E8,1000
WM_CAP_START,0x400,1024
WM_USER,0x400,1024
WM_CAP_GET_CAPSTREAMPTR,0x401,1025
WM_CAP_SET_CALLBACK_ERRORA,0x402,1026
WM_CAP_SET_CALLBACK_STATUSA,0x403,1027
WM_CAP_SET_CALLBACK_YIELD,0x404,1028
WM_CAP_SET_CALLBACK_FRAME,0x405,1029
WM_CAP_SET_CALLBACK_VIDEOSTREAM,0x406,1030
WM_CAP_SET_CALLBACK_WAVESTREAM,0x407,1031
WM_CAP_GET_USER_DATA,0x408,1032
WM_CAP_SET_USER_DATA,0x409,1033
WM_CAP_DRIVER_CONNECT,0x40A,1034
WM_CAP_DRIVER_DISCONNECT,0x40B,1035
WM_CAP_DRIVER_GET_NAMEA,0x40C,1036
WM_CAP_DRIVER_GET_VERSIONA,0x40D,1037
WM_CAP_DRIVER_GET_CAPS,0x40E,1038
WM_CAP_FILE_SET_CAPTURE_FILEA,0x414,1044
WM_CAP_FILE_GET_CAPTURE_FILEA,0x415,1045
WM_CAP_FILE_ALLOCATE,0x416,1046
WM_CAP_FILE_SAVEASA,0x417,1047
WM_CAP_FILE_SET_INFOCHUNK,0x418,1048
WM_CAP_FILE_SAVEDIBA,0x419,1049
WM_CAP_EDIT_COPY,0x41E,1054
WM_CAP_SET_AUDIOFORMAT,0x423,1059
WM_CAP_GET_AUDIOFORMAT,0x424,1060
WM_CAP_DLG_VIDEOFORMAT,0x429,1065
WM_CAP_DLG_VIDEOSOURCE,0x42A,1066
WM_CAP_DLG_VIDEODISPLAY,0x42B,1067
WM_CAP_GET_VIDEOFORMAT,0x42C,1068
WM_CAP_SET_VIDEOFORMAT,0x42D,1069
WM_CAP_DLG_VIDEOCOMPRESSION,0x42E,1070
WM_CAP_SET_PREVIEW,0x432,1074
WM_CAP_SET_OVERLAY,0x433,1075
WM_CAP_SET_PREVIEWRATE,0x434,1076
WM_CAP_SET_SCALE,0x435,1077
WM_CAP_GET_STATUS,0x436,1078
WM_CAP_SET_SCROLL,0x437,1079
WM_CAP_GRAB_FRAME,0x43C,1084
WM_CAP_GRAB_FRAME_NOSTOP,0x43D,1085
WM_CAP_SEQUENCE,0x43E,1086
WM_CAP_SEQUENCE_NOFILE,0x43F,1087
WM_CAP_SET_SEQUENCE_SETUP,0x440,1088
WM_CAP_GET_SEQUENCE_SETUP,0x441,1089
WM_CAP_SET_MCI_DEVICEA,0x442,1090
WM_CAP_GET_MCI_DEVICEA,0x443,1091
WM_CAP_STOP,0x444,1092
WM_CAP_ABORT,0x445,1093
WM_CAP_SINGLE_FRAME_OPEN,0x446,1094
WM_CAP_SINGLE_FRAME_CLOSE,0x447,1095
WM_CAP_SINGLE_FRAME,0x448,1096
WM_CAP_PAL_OPENA,0x450,1104
WM_CAP_PAL_SAVEA,0x451,1105
WM_CAP_PAL_PASTE,0x452,1106
WM_CAP_PAL_AUTOCREATE,0x453,1107
WM_CAP_PAL_MANUALCREATE,0x454,1108
WM_CAP_SET_CALLBACK_CAPCONTROL,0x455,1109
WM_CAP_UNICODE_START,0x464,1124
WM_CAP_SET_CALLBACK_ERROR,0x466,1126
WM_CAP_SET_CALLBACK_ERRORW,0x466,1126
WM_CAP_SET_CALLBACK_STATUS,0x467,1127
WM_CAP_SET_CALLBACK_STATUSW,0x467,1127
WM_CAP_DRIVER_GET_NAME,0x470,1136
WM_CAP_DRIVER_GET_NAMEW,0x470,1136
WM_CAP_DRIVER_GET_VERSION,0x471,1137
WM_CAP_DRIVER_GET_VERSIONW,0x471,1137
WM_CAP_FILE_SET_CAPTURE_FILE,0x478,1144
WM_CAP_FILE_SET_CAPTURE_FILEW,0x478,1144
WM_CAP_FILE_GET_CAPTURE_FILE,0x479,1145
WM_CAP_FILE_GET_CAPTURE_FILEW,0x479,1145
WM_CAP_FILE_SAVEAS,0x47B,1147
WM_CAP_FILE_SAVEASW,0x47B,1147
WM_CAP_FILE_SAVEDIB,0x47D,1149
WM_CAP_FILE_SAVEDIBW,0x47D,1149
WM_CAP_SET_MCI_DEVICE,0x4A6,1190
WM_CAP_SET_MCI_DEVICEW,0x4A6,1190
WM_CAP_GET_MCI_DEVICE,0x4A7,1191
WM_CAP_GET_MCI_DEVICEW,0x4A7,1191
WM_CAP_PAL_OPEN,0x4B4,1204
WM_CAP_PAL_OPENW,0x4B4,1204
WM_CAP_END,0x4B5,1205
WM_CAP_PAL_SAVE,0x4B5,1205
WM_CAP_PAL_SAVEW,0x4B5,1205
WM_CAP_UNICODE_END,0x4B5,1205
WM_CPL_LAUNCH,0x7E8,2024
WM_CPL_LAUNCHED,0x7E9,2025
WM_ADSPROP_NOTIFY_PAGEINIT,0x84D,2125
WM_ADSPROP_NOTIFY_PAGEHWND,0x84E,2126
WM_ADSPROP_NOTIFY_CHANGE,0x84F,2127
WM_ADSPROP_NOTIFY_APPLY,0x850,2128
WM_ADSPROP_NOTIFY_SETFOCUS,0x851,2129
WM_ADSPROP_NOTIFY_FOREGROUND,0x852,2130
WM_ADSPROP_NOTIFY_EXIT,0x853,2131
WM_ADSPROP_NOTIFY_ERROR,0x856,2134
WM_APP,0x8000,32768
WM_RASDIALEVENT,0xCCCD,52429
ABM_NEW,0x0,0
ABM_REMOVE,0x1,1
ABM_QUERYPOS,0x2,2
ABM_SETPOS,0x3,3
ABM_GETSTATE,0x4,4
ABM_GETTASKBARPOS,0x5,5
ABM_ACTIVATE,0x6,6
ABM_GETAUTOHIDEBAR,0x7,7
ABM_SETAUTOHIDEBAR,0x8,8
ABM_WINDOWPOSCHANGED,0x9,9
ABM_SETSTATE,0xA,10
ACM_OPEN,0x467,1127
BCM_FIRST,0x1600,5632
BFFM_SETSTATUSTEXTA,0x464,1124
BFFM_ENABLEOK,0x465,1125
BFFM_SETSELECTIONA,0x466,1126
BFFM_SETSELECTIONW,0x467,1127
BFFM_SETSTATUSTEXTW,0x468,1128
CB_MSGMAX,0x165,357
CBEM_DELETEITEM,0x144,324
CBEM_GETEXSTYLE,0x409,1033
CBEM_INSERTITEM,0x40B,1035
CBEM_SETITEM,0x40C,1036
CBEM_GETITEM,0x40D,1037
CBEM_SETUNICODEFORMAT,0x2005,8197
CBEM_GETUNICODEFORMAT,0x2006,8198
CBEM_SETWINDOWTHEME,0x200B,8203
CBM_FIRST,0x1700,5888
CCM_FIRST,0x2000,8192
CCM_LAST,0x2200,8704
CDM_FIRST,0x464,1124
CDM_LAST,0x4C8,1224
DL_CURSORSET,0x0,0
DL_STOPCURSOR,0x1,1
DL_COPYCURSOR,0x2,2
DL_MOVECURSOR,0x3,3
DM_POINTERHITTEST,0x250,592
DTM_FIRST,0x1000,4096
DTM_SETFORMAT,0x1032,4146
ECM_FIRST,0x1500,5376
EM_LIMITTEXT,0xC5,197
EM_INSERTTABLE,0x4E8,1256
EM_GETAUTOCORRECTPROC,0x4E9,1257
EM_SETAUTOCORRECTPROC,0x4EA,1258
EM_CALLAUTOCORRECTPROC,0x4FF,1279
EM_GETTABLEPARMS,0x509,1289
EM_SETEDITSTYLEEX,0x513,1299
EM_GETEDITSTYLEEX,0x514,1300
EM_GETSTORYTYPE,0x522,1314
EM_SETSTORYTYPE,0x523,1315
EM_GETELLIPSISMODE,0x531,1329
EM_SETELLIPSISMODE,0x532,1330
EM_SETTABLEPARMS,0x533,1331
EM_GETTOUCHOPTIONS,0x536,1334
EM_SETTOUCHOPTIONS,0x537,1335
EM_INSERTIMAGE,0x53A,1338
EM_SETUIANAME,0x540,1344
EM_GETELLIPSISSTATE,0x542,1346
EM_GETINKMODE,0x601,1537
EM_SETINKMODE,0x602,1538
EM_GETINKINSERTMODE,0x603,1539
EM_SETINKINSERTMODE,0x604,1540
EM_GETDRAWATTR,0x605,1541
EM_SETDRAWATTR,0x606,1542
EM_GETRECOTIMEOUT,0x607,1543
EM_SETRECOTIMEOUT,0x608,1544
EM_GETGESTURESTATUS,0x609,1545
EM_SETGESTURESTATUS,0x60A,1546
EM_GETRECOGNIZER,0x60B,1547
EM_SETRECOGNIZER,0x60C,1548
EM_GETFACTOID,0x60D,1549
EM_SETFACTOID,0x60E,1550
EM_GETSELINK,0x60F,1551
EM_SETSELINK,0x610,1552
EM_GETMOUSEICON,0x611,1553
EM_SETMOUSEICON,0x612,1554
EM_GETMOUSEPOINTER,0x613,1555
EM_SETMOUSEPOINTER,0x614,1556
EM_GETSTATUS,0x615,1557
EM_RECOGNIZE,0x616,1558
EM_GETUSEMOUSEFORINPUT,0x617,1559
EM_SETUSEMOUSEFORINPUT,0x618,1560
EM_SETSELINKDISPLAYMODE,0x619,1561
EM_GETSELINKDISPLAYMODE,0x61A,1562
HDM_FIRST,0x1200,4608
HDM_INSERTITEM,0x120A,4618
HDM_GETITEM,0x120B,4619
HDM_SETITEM,0x120C,4620
HDM_SETUNICODEFORMAT,0x2005,8197
HDM_GETUNICODEFORMAT,0x2006,8198
IEC__BASE,0x600,1536
LB_MSGMAX,0x1B3,435
LM_GETIDEALSIZE,0x701,1793
LVM_FIRST,0x1000,4096
LVM_GETITEM,0x104B,4171
LVM_SETITEM,0x104C,4172
LVM_INSERTITEM,0x104D,4173
LVM_FINDITEM,0x1053,4179
LVM_GETSTRINGWIDTH,0x1057,4183
LVM_GETCOLUMN,0x105F,4191
LVM_SETCOLUMN,0x1060,4192
LVM_INSERTCOLUMN,0x1061,4193
LVM_GETITEMTEXT,0x1073,4211
LVM_SETITEMTEXT,0x1074,4212
LVM_GETISEARCHSTRING,0x1075,4213
LVM_EDITLABEL,0x1076,4214
LVM_SETBKIMAGE,0x108A,4234
LVM_GETBKIMAGE,0x108B,4235
LVM_SETUNICODEFORMAT,0x2005,8197
LVM_GETUNICODEFORMAT,0x2006,8198
MCIWNDM_GETZOOM,0x46D,1133
MCIWNDM_REALIZE,0x476,1142
MCIWNDM_SETTIMEFORMATA,0x477,1143
MCIWNDM_GETTIMEFORMATA,0x478,1144
MCIWNDM_VALIDATEMEDIA,0x479,1145
MCIWNDM_PLAYTO,0x47B,1147
MCIWNDM_GETFILENAMEA,0x47C,1148
MCIWNDM_GETDEVICEA,0x47D,1149
MCIWNDM_GETPALETTE,0x47E,1150
MCIWNDM_SETPALETTE,0x47F,1151
MCIWNDM_GETERRORA,0x480,1152
MCIWNDM_SETINACTIVETIMER,0x483,1155
MCIWNDM_GETINACTIVETIMER,0x485,1157
MCIWNDM_GET_SOURCE,0x48C,1164
MCIWNDM_PUT_SOURCE,0x48D,1165
MCIWNDM_GET_DEST,0x48E,1166
MCIWNDM_PUT_DEST,0x48F,1167
MCIWNDM_CAN_PLAY,0x490,1168
MCIWNDM_CAN_WINDOW,0x491,1169
MCIWNDM_CAN_RECORD,0x492,1170
MCIWNDM_CAN_SAVE,0x493,1171
MCIWNDM_CAN_EJECT,0x494,1172
MCIWNDM_CAN_CONFIG,0x495,1173
MCIWNDM_PALETTEKICK,0x496,1174
MCIWNDM_NOTIFYMODE,0x4C8,1224
MCIWNDM_NOTIFYMEDIA,0x4CB,1227
MCIWNDM_NOTIFYERROR,0x4CD,1229
MCIWNDM_SETTIMEFORMATW,0x4DB,1243
MCIWNDM_GETTIMEFORMATW,0x4DC,1244
MCIWNDM_GETFILENAMEW,0x4E0,1248
MCIWNDM_GETDEVICEW,0x4E1,1249
MCIWNDM_GETERRORW,0x4E4,1252
MCM_FIRST,0x1000,4096
MCM_SETUNICODEFORMAT,0x2005,8197
MCM_GETUNICODEFORMAT,0x2006,8198
MN_GETHMENU,0x1E1,481
NIN_SELECT,0x400,1024
OCM__BASE,0x2000,8192
OCM_CTLCOLOR,0x2019,8217
OCM_DRAWITEM,0x202B,8235
OCM_MEASUREITEM,0x202C,8236
OCM_DELETEITEM,0x202D,8237
OCM_VKEYTOITEM,0x202E,8238
OCM_CHARTOITEM,0x202F,8239
OCM_COMPAREITEM,0x2039,8249
OCM_NOTIFY,0x204E,8270
OCM_COMMAND,0x2111,8465
OCM_HSCROLL,0x2114,8468
OCM_VSCROLL,0x2115,8469
OCM_CTLCOLORMSGBOX,0x2132,8498
OCM_CTLCOLOREDIT,0x2133,8499
OCM_CTLCOLORLISTBOX,0x2134,8500
OCM_CTLCOLORBTN,0x2135,8501
OCM_CTLCOLORDLG,0x2136,8502
OCM_CTLCOLORSCROLLBAR,0x2137,8503
OCM_CTLCOLORSTATIC,0x2138,8504
OCM_PARENTNOTIFY,0x2210,8720
PBM_SETBKCOLOR,0x2001,8193
PGM_FIRST,0x1400,5120
PGM_GETDROPTARGET,0x2004,8196
PSM_SETTITLE,0x478,1144
PSM_SETFINISHTEXT,0x479,1145
PSM_SETHEADERTITLE,0x47E,1150
PSM_SETHEADERSUBTITLE,0x480,1152
PSM_SETNEXTTEXT,0x489,1161
PSM_SETBUTTONTEXT,0x48C,1164
RB_INSERTBAND,0x40A,1034
RB_SETBANDINFO,0x40B,1035
RB_GETBANDINFO,0x41C,1052
RB_SETCOLORSCHEME,0x2002,8194
RB_GETCOLORSCHEME,0x2003,8195
RB_GETDROPTARGET,0x2004,8196
RB_SETUNICODEFORMAT,0x2005,8197
RB_GETUNICODEFORMAT,0x2006,8198
RB_SETWINDOWTHEME,0x200B,8203
SB_SETTEXT,0x40B,1035
SB_GETTEXTLENGTH,0x40C,1036
SB_GETTEXT,0x40D,1037
SB_SETTIPTEXT,0x411,1041
SB_GETTIPTEXT,0x413,1043
SB_SETBKCOLOR,0x2001,8193
SB_SETUNICODEFORMAT,0x2005,8197
SB_GETUNICODEFORMAT,0x2006,8198
STM_MSGMAX,0x174,372
TAPI_REPLY,0x463,1123
TB_GETBUTTONINFO,0x43F,1087
TB_SETBUTTONINFO,0x440,1088
TB_INSERTBUTTON,0x443,1091
TB_ADDBUTTONS,0x444,1092
TB_GETBUTTONTEXT,0x44B,1099
TB_SAVERESTORE,0x44C,1100
TB_ADDSTRING,0x44D,1101
TB_MAPACCELERATOR,0x45A,1114
TB_GETSTRING,0x45B,1115
TB_SETCOLORSCHEME,0x2002,8194
TB_GETCOLORSCHEME,0x2003,8195
TB_SETUNICODEFORMAT,0x2005,8197
TB_GETUNICODEFORMAT,0x2006,8198
TB_SETWINDOWTHEME,0x200B,8203
TBM_SETUNICODEFORMAT,0x2005,8197
TBM_GETUNICODEFORMAT,0x2006,8198
TCM_FIRST,0x1300,4864
TCM_GETITEM,0x133C,4924
TCM_SETITEM,0x133D,4925
TCM_INSERTITEM,0x133E,4926
TCM_SETUNICODEFORMAT,0x2005,8197
TCM_GETUNICODEFORMAT,0x2006,8198
TTM_SETTITLE,0x421,1057
TTM_ADDTOOL,0x432,1074
TTM_DELTOOL,0x433,1075
TTM_NEWTOOLRECT,0x434,1076
TTM_GETTOOLINFO,0x435,1077
TTM_SETTOOLINFO,0x436,1078
TTM_HITTEST,0x437,1079
TTM_GETTEXT,0x438,1080
TTM_UPDATETIPTEXT,0x439,1081
TTM_ENUMTOOLS,0x43A,1082
TTM_GETCURRENTTOOL,0x43B,1083
TTM_SETWINDOWTHEME,0x200B,8203
TV_FIRST,0x1100,4352
TVM_INSERTITEM,0x1132,4402
TVM_GETITEM,0x113E,4414
TVM_SETITEM,0x113F,4415
TVM_GETISEARCHSTRING,0x1140,4416
TVM_EDITLABEL,0x1141,4417
TVM_SETUNICODEFORMAT,0x2005,8197
TVM_GETUNICODEFORMAT,0x2006,8198
UDM_SETUNICODEFORMAT,0x2005,8197
UDM_GETUNICODEFORMAT,0x2006,8198
WLX_WM_SAS,0x659,1625
CCM_TRANSLATEACCELERATOR,0x0,0
HDM_TRANSLATEACCELERATOR,0x0,0
TB_TRANSLATEACCELERATOR,0x0,0
WM_SETVISIBLE,0x9,9
WM_SYSTEMERROR,0x17,23
WM_LOGOFF,0x25,37
WM_ALTTABACTIVE,0x29,41
WM_FILESYSCHANGE,0x34,52
WM_ISACTIVEICON,0x35,53
WM_UNUSED0036,0x36,54
WM_WINHELP,0x38,56
WM_FULLSCREEN,0x3A,58
WM_CLIENTSHUTDOWN,0x3B,59
WM_DDEMLEVENT,0x3C,60
WM_TESTING,0x40,64
WM_OTHERWINDOWCREATED,0x42,66
WM_OTHERWINDOWDESTROYED,0x43,67
WM_MEDIASTATUSCHANGE,0x45,69
WM_COPYGLOBALDATA,0x49,73
WM_LOGONNOTIFY,0x4C,76
WM_KEYF1,0x4D,77
WM_ACCESS_WINDOW,0x4F,79
WM_FINALDESTROY,0x70,112
WM_MEASUREITEM_CLIENTDATA,0x71,113
WM_SYNCTASK,0x89,137
WM_KLUDGEMINRECT,0x8B,139
WM_MYSTERY,0x8B,139
WM_YOMICHAR,0x108,264
WM_SYSTIMER,0x118,280
WM_DROPOBJECT,0x22A,554
WM_QUERYDROPOBJECT,0x22B,555
WM_BEGINDRAG,0x22C,556
WM_DRAGLOOP,0x22D,557
WM_DRAGSELECT,0x22E,558
WM_DRAGMOVE,0x22F,559
WM_SYSMENU,0x313,787
WM_HOOKMSG,0x314,788
WM_EXITPROCESS,0x315,789
WM_WAKETHREAD,0x316,790
WM_RCRESULT,0x381,897
WM_HOOKRCRESULT,0x382,898
WM_GLOBALRCCHANGE,0x383,899
WM_PENMISCINFO,0x383,899
WM_SKB,0x384,900
WM_HEDITCTL,0x385,901
WM_PENCTL,0x385,901
WM_PENMISC,0x386,902
WM_CTLINIT,0x387,903
WM_PENEVENT,0x388,904
WM_COALESCE_FIRST,0x390,912
WM_COALESCE_LAST,0x39F,927
DDM_SETFMT,0x400,1024
DDM_DRAW,0x401,1025
DDM_CLOSE,0x402,1026
DDM_BEGIN,0x403,1027
DDM_END,0x404,1028
EM_SETFONT,0xC3,195
EM_SETWORDBREAK,0xCA,202
FM_GETFOCUS,0x600,1536
FM_GETDRIVEINFOA,0x601,1537
FM_GETSELCOUNT,0x602,1538
FM_GETSELCOUNTLFN,0x603,1539
FM_GETFILESELA,0x604,1540
FM_GETFILESELLFNA,0x605,1541
FM_REFRESH_WINDOWS,0x606,1542
FM_RELOAD_EXTENSIONS,0x607,1543
FM_GETDRIVEINFOW,0x611,1553
FM_GETFILESELW,0x614,1556
FM_GETFILESELLFNW,0x615,1557
IE_GETINK,0x496,1174
IE_MSGFIRST,0x496,1174
IE_SETINK,0x497,1175
IE_GETPENTIP,0x498,1176
IE_SETPENTIP,0x499,1177
IE_GETERASERTIP,0x49A,1178
IE_SETERASERTIP,0x49B,1179
IE_GETBKGND,0x49C,1180
IE_SETBKGND,0x49D,1181
IE_GETGRIDORIGIN,0x49E,1182
IE_SETGRIDORIGIN,0x49F,1183
IE_GETGRIDPEN,0x4A0,1184
IE_SETGRIDPEN,0x4A1,1185
IE_GETGRIDSIZE,0x4A2,1186
IE_SETGRIDSIZE,0x4A3,1187
IE_GETMODE,0x4A4,1188
IE_SETMODE,0x4A5,1189
IE_GETINKRECT,0x4A6,1190
IE_GETAPPDATA,0x4B8,1208
IE_SETAPPDATA,0x4B9,1209
IE_GETDRAWOPTS,0x4BA,1210
IE_SETDRAWOPTS,0x4BB,1211
IE_GETFORMAT,0x4BC,1212
IE_SETFORMAT,0x4BD,1213
IE_GETINKINPUT,0x4BE,1214
IE_SETINKINPUT,0x4BF,1215
IE_GETNOTIFY,0x4C0,1216
IE_SETNOTIFY,0x4C1,1217
IE_GETRECOG,0x4C2,1218
IE_SETRECOG,0x4C3,1219
IE_GETSECURITY,0x4C4,1220
IE_SETSECURITY,0x4C5,1221
IE_GETSEL,0x4C6,1222
IE_SETSEL,0x4C7,1223
IE_DOCOMMAND,0x4C8,1224
IE_GETCOMMAND,0x4C9,1225
IE_GETCOUNT,0x4CA,1226
IE_GETGESTURE,0x4CB,1227
IE_GETMENU,0x4CC,1228
IE_GETPAINTDC,0x4CD,1229
IE_GETPDEVENT,0x4CE,1230
IE_GETSELCOUNT,0x4CF,1231
IE_GETSELITEMS,0x4D0,1232
IE_GETSTYLE,0x4D1,1233
LB_INSERTSTRINGUPPER,0x1AA,426
LB_INSERTSTRINGLOWER,0x1AB,427
LB_ADDSTRINGUPPER,0x1AC,428
LB_ADDSTRINGLOWER,0x1AD,429
LBCB_CARETON,0x1A3,419
LBCB_CARETOFF,0x1A4,420
LVM_SETTILEWIDTH,0x108D,4237
MN_SETHMENU,0x1E0,480
MN_SIZEWINDOW,0x1E2,482
MN_OPENHIERARCHY,0x1E3,483
MN_CLOSEHIERARCHY,0x1E4,484
MN_SELECTITEM,0x1E5,485
MN_CANCELMENUS,0x1E6,486
MN_SELECTFIRSTVALIDITEM,0x1E7,487
MN_GETPPOPUPMENU,0x1EA,490
MN_FINDMENUWINDOWFROMPOINT,0x1EB,491
MN_SHOWPOPUPWINDOW,0x1EC,492
MN_BUTTONDOWN,0x1ED,493
MN_MOUSEMOVE,0x1EE,494
MN_BUTTONUP,0x1EF,495
MN_SETTIMERTOOPENHIERARCHY,0x1F0,496
MN_DBLCLK,0x1F1,497
MSG_FTS_JUMP_VA,0x421,1057
MSG_FTS_JUMP_QWORD,0x423,1059
MSG_REINDEX_REQUEST,0x424,1060
MSG_FTS_WHERE_IS_IT,0x425,1061
MSG_GET_DEFFONT,0x42D,1069
SM_GETSELCOUNT,0x7E8,2024
SM_GETSERVERSELA,0x7E9,2025
SM_GETSERVERSELW,0x7EA,2026
SM_GETCURFOCUSA,0x7EB,2027
SM_GETCURFOCUSW,0x7EC,2028
SM_GETOPTIONS,0x7ED,2029
UM_GETSELCOUNT,0x7E8,2024
UM_GETUSERSELA,0x7E9,2025
UM_GETUSERSELW,0x7EA,2026
UM_GETGROUPSELA,0x7EB,2027
UM_GETGROUPSELW,0x7EC,2028
UM_GETCURFOCUSA,0x7ED,2029
UM_GETCURFOCUSW,0x7EE,2030
UM_GETOPTIONS,0x7EF,2031
UM_GETOPTIONS2,0x7F0,2032
WIZ_QUERYNUMPAGES,0x40A,1034
WIZ_NEXT,0x40B,1035
WIZ_PREV,0x40C,1036
